https://youtu.be/RtpDU_nGRIM,
https://youtu.be/arSRLHbQvzU,
https://youtu.be/jLDUXj6V3bA,
https://youtu.be/ZkYOvViSx3E,
https://youtu.be/6_P-d6yfTb4,
https://youtu.be/Fv1cvFEYPwA,
https://youtu.be/57sdqEd48Fc,
https://youtu.be/4jDAKS2V3jY,
https://youtu.be/C0PuCgQrxZU,
https://youtu.be/2erlC7R3OEI,
https://youtu.be/tC1amOAkojE,
https://youtu.be/qnpMplNJF6g,
https://youtu.be/Rc2XHfk_jss,
https://youtu.be/-vAgZpyfv40,
https://youtu.be/PymyBRzlRXc,
https://youtu.be/fGRAgibY5N4,
https://youtu.be/Y17Y_8RK6pc,
https://youtu.be/84OGUeXQDfk,
https://youtu.be/BQj7sy2MmOA,
https://youtu.be/uUR6l3eWiNc,
https://youtu.be/ilkgBo461E4,
https://youtu.be/3gD1uqrH_rk,
https://youtu.be/GP87YVZvHdU,
https://youtu.be/R4qwnJVd7-k,
https://youtu.be/JpHgsdQhsXo,
https://youtu.be/wai6j84QOus,
https://youtu.be/xMGcfURml9M,
https://youtu.be/x2r_RmvfzRo,
https://youtu.be/xq74OjU_w4w,
https://youtu.be/MmolHUHkjTs,
https://youtu.be/TQx3IfCVvQ0,
https://youtu.be/u2jTn-Gj2Xw,
https://youtu.be/KpDKpgzvmrY,
https://youtu.be/iYJNmuD4McE,
https://youtu.be/itbx_hDX7z8,
https://youtu.be/RR4SoktDQAw,
https://youtu.be/oK6BmG3R5iE,
https://youtu.be/_ANBR698D7c,
https://youtu.be/dgBLqylx9ew,
https://youtu.be/oDtLJEc5Ako,
https://youtu.be/zLlHs0jyddQ,
https://youtu.be/ik-RePSeaSs,
https://youtu.be/b0vKXjPJwkg,
https://youtu.be/pdnTPUFF4gA,
https://youtu.be/w9tAoscq3C4,
https://youtu.be/WX0MDddgpA4,
https://youtu.be/l7swJRixYUM,
https://youtu.be/sM4ebIEjRXo,
https://youtu.be/yC83Kp2xig8,
https://youtu.be/SOQAe9T1tdM,
https://youtu.be/plbSgfLCt74,
https://youtu.be/mqaf7vj1AdA,
https://youtu.be/mGaamvgPqpw,
https://youtu.be/gHHjjcCc_4w,
https://youtu.be/BQa1hi6fnOE,
https://youtu.be/0gkWZNE1H4Y,
https://youtu.be/VbruT_rwfzQ,
https://youtu.be/BDw8zzy3QiY,
https://youtu.be/3r5TmVmPuJ8,
https://youtu.be/4sYl6oIgrs8,
https://youtu.be/ZfU00JFhL7E,
https://youtu.be/G8SI2Jrqeww,
https://youtu.be/F0RywIXmqlU,
https://youtu.be/KtKgFnZoM5o,
https://youtu.be/UDmz62Lt204,
https://youtu.be/dCnxQGMpKz0,
https://youtu.be/_y43iqSJgnc,
https://youtu.be/x5o0XFozYnE,
https://youtu.be/4o2Eas2WqAQ,
https://youtu.be/bK6lijUbvms,
https://youtu.be/7nFv94kE79A,
https://youtu.be/aM-oswPn19o,
https://youtu.be/EGRXKV6j-v0,
https://youtu.be/6oL-0TdVy28,
https://youtu.be/1h5e-g2vqCc,
https://youtu.be/fR2r67nQUHQ,
https://youtu.be/XKdyN9kH4O0,
https://youtu.be/K6mJ7Ed0DIA,
https://youtu.be/MnUQoVk44n0,
https://youtu.be/lLoYEft9tFk,
https://youtu.be/roF5YIKNX1M,
https://youtu.be/d2wl9hlxyeA,
https://youtu.be/ne4cLmDrqgM,
https://youtu.be/XQre3ILIVH0,
https://youtu.be/PzvcYZ2hy6A,
https://youtu.be/oYVbA9YthlA,
https://youtu.be/lV9FmloZOMg,
https://youtu.be/N1gR2NpwN5A,
https://youtu.be/MuSTPrYa7-A,
https://youtu.be/lHJ33KvdyN4,
https://youtu.be/wqANpSRmlm4,
https://youtu.be/uBbL3QsJyFk,
https://youtu.be/mbW0oQq5NLQ,
https://youtu.be/7AMjRbJhsKM,
https://youtu.be/vNm2nvDyyls,
https://youtu.be/gCin6Qz-eJQ,
https://youtu.be/QvSIAB27Vdk,
https://youtu.be/Pb7pmvifBf4,
https://youtu.be/qjuXUWzVO_Q,
https://youtu.be/GDFVTZ-kKl0,
https://youtu.be/v6K3SfMv9WM,
https://youtu.be/r7EzxgrYfNg,
https://youtu.be/_1Wp4Bww8Rs,
https://youtu.be/VD73579E3-o,
https://youtu.be/wLiji1WOfxU,
https://youtu.be/SQHvcLvqq_Q,
https://youtu.be/Am5u1vaT0x0,
https://youtu.be/dPGBKZBYy0w,
https://youtu.be/8kptHdreaTA,
https://youtu.be/JF6-UT3w8mQ,
https://youtu.be/lnOcDRWPpDU,
https://youtu.be/op42w-5o3nE,
https://youtu.be/tij0gatte7g,
https://youtu.be/5WoNhm7sOnA,
https://youtu.be/dm9drjU-DuM,
https://youtu.be/VfHf6MV9q0A,
https://youtu.be/liZvIQNBr-0,
https://youtu.be/s9cEFnn-Y5Q,
https://youtu.be/W4UtFrPLF7k,
https://youtu.be/Vta4ty-t1nY,
https://youtu.be/e2TjJMhe08U,
https://youtu.be/6ui3pEgOT70,
https://youtu.be/xFuJI29BiDY,
https://youtu.be/oCE8wyYhBuU,
https://youtu.be/VapDVrsERsA,
https://youtu.be/FTOTyTXIX6I,
https://youtu.be/RRK0gd77Ln0,
https://youtu.be/dlCGc92tAqo,
https://youtu.be/cXxkvq3u_f8,
https://youtu.be/nnNHD-0JN2g,
https://youtu.be/s9NEaxVvQnQ,
https://youtu.be/sTsop8hf78c,
https://youtu.be/gXY_2wsQf3A,
https://youtu.be/FSsriWQ0qYE,
https://youtu.be/rhBZqEWsZU4,
https://youtu.be/wlnx-7cm4Gg,
https://youtu.be/P2PMgnQSHYQ,
https://youtu.be/byx3LDFiEZE,
https://youtu.be/0Rc3452U6b8,
https://youtu.be/n3_mZ47ZVxA,
https://youtu.be/tP783g97C5o,
https://youtu.be/H4irPAcf940,
https://youtu.be/4rgt7Od7-KM,
https://youtu.be/CXtC8Jzxsvw,
https://youtu.be/dUeCoUw9OoQ,
https://youtu.be/i4fgncEf128,
https://youtu.be/iBHOHz9_GYY,
https://youtu.be/mP_Ln-Z9-XY,
https://youtu.be/e-HqKSBZOXo,
https://youtu.be/yd0RsfFdiig,
https://youtu.be/siE4sc6aj9Q,
https://youtu.be/Lo3BTpMjUBo,
https://youtu.be/-lukOcfqMK4,
https://youtu.be/jGWjzjfzths,
https://youtu.be/l1eLu-HL-fc,
https://youtu.be/vlb3qUiS2ZY,
https://youtu.be/P9EFWCvD_yU,
https://youtu.be/U8Ni1yJ8ZS4,
https://youtu.be/zeULw-a7Mw8,
https://youtu.be/g4tdn9KAu3M,
https://youtu.be/sE7F1WroB1M,
https://youtu.be/wn-NKs_KNyQ,
https://youtu.be/iUK0cKV_lT4,
https://youtu.be/3WuUy2UPX9s,
https://youtu.be/rxgVVwZlJko,
https://youtu.be/8sm4sWYXvNc,
https://youtu.be/eDrFWRi13DY,
https://youtu.be/wMtlzL8zQvc,
https://youtu.be/xc0pKsIKYyc,
https://youtu.be/OaVrRES2o0g,
https://youtu.be/MyCr8kPT3OI,
https://youtu.be/kDcn_Tn-ti8,
https://youtu.be/OiDQu-0-DIA,
https://youtu.be/4E7N7W1lUkU,
https://youtu.be/OJ8isyws2yw,
https://youtu.be/Z3vFdtZ7d-g,
https://youtu.be/zjo9yFHoUl8,
https://youtu.be/hrdDIrT9kJI,
https://youtu.be/lX1vX8ejs40,
https://youtu.be/X41iojWqQZY,
https://youtu.be/TC7apM-xGaU,
https://youtu.be/lVFnq4zbs-g,
https://youtu.be/yUOoJL9_y9M,
https://youtu.be/bS837DTJsTI,
https://youtu.be/r0CAz6MdgEg,
https://youtu.be/8uYHAM-dtVA,
https://youtu.be/y3S0iYFedCw,
https://youtu.be/71UjBGz-o0w,
https://youtu.be/UqEU-obRUnI,

